{
    "fireResidual": {
        "fire": {
            "Emitter": {
                "BillboardType": 0,
                "Color": [
                    0.9215686321258545,
                    0.46078431606292725,
                    0.0,
                    0.0
                ],
                "Count": 2,
                "EmitterType": 5,
                "Frequency": 0.10000000149011612,
                "LifeTime": 3.0,
                "Radius": 1.2999999523162842,
                "Rotate": 0.0,
                "Scale": 0.20000000298023224,
                "Size": [
                    0.0,
                    0.0,
                    0.0
                ],
                "Speed": 0.0,
                "Translate": [
                    0.0,
                    0.0,
                    0.0
                ]
            },
            "OverLifeTime": {
                "Gravity": 0.0,
                "Velocity": [
                    0.0,
                    1.5,
                    0.0
                ],
                "density": [
                    0.20000000298023224,
                    0.0,
                    0.20000000298023224
                ],
                "endAlpha": 1.0,
                "endColor": [
                    0.0,
                    0.0,
                    0.0
                ],
                "endScale": 0.0,
                "endSpeed": 0.0,
                "endVelocity": [
                    0.0,
                    0.0,
                    0.0
                ],
                "isAlpha": 1,
                "isColor": 0,
                "isConstantVelocity": 1,
                "isNoise": 1,
                "isRandom": 1,
                "isRoring": 0,
                "isScale": 1,
                "isTransSpeed": 0,
                "isTransVelocity": 0,
                "maxRoringSpeed": [
                    0.0,
                    0.0,
                    0.0
                ],
                "midAlpha": 1.0,
                "minRoringSpeed": [
                    0.0,
                    0.0,
                    0.0
                ],
                "startAlpha": 0.0,
                "startColor": [
                    0.0,
                    0.0,
                    0.0
                ],
                "startScale": 0.20000000298023224,
                "startSpeed": 0.0,
                "startVelocity": [
                    0.0,
                    0.0,
                    0.0
                ],
                "strength": 2.0
            },
            "isLoop": true,
            "textureName": "circle.png"
        }
    }
}
