{
    "FireBallCore": {
        "Emitter": {
            "BillboardType": 0,
            "Color": [
                1.0,
                1.0,
                1.0,
                1.0
            ],
            "Count": 100,
            "EmitterType": 1,
            "Frequency": 0.01600000075995922,
            "LifeTime": 1.0,
            "Radius": 0.6000000238418579,
            "Rotate": 0.0,
            "Scale": 0.05000000074505806,
            "Size": [
                1.0,
                1.0,
                1.0
            ],
            "Speed": -0.30000001192092896,
            "Translate": [
                0.0,
                0.0,
                0.0
            ]
        },
        "OverLifeTime": {
            "Gravity": 0.0,
            "Velocity": [
                0.0,
                0.0,
                0.0
            ],
            "density": 0.0,
            "endAlpha": 1.0,
            "endColor": [
                0.47058820724487305,
                0.0,
                0.0
            ],
            "endScale": 0.0,
            "endSpeed": 0.0,
            "endVelocity": [
                0.0,
                0.0,
                0.0
            ],
            "isAlpha": 1,
            "isColor": 1,
            "isConstantVelocity": 1,
            "isNoise": 0,
            "isRoring": 0,
            "isScale": 1,
            "isTransSpeed": 0,
            "isTransVelocity": 0,
            "maxRoringSpeed": [
                0.0,
                0.0,
                0.0
            ],
            "midAlpha": 1.0,
            "minRoringSpeed": [
                0.0,
                0.0,
                0.0
            ],
            "startAlpha": 0.0,
            "startColor": [
                0.9460784196853638,
                0.5232348442077637,
                0.2272443026304245
            ],
            "startScale": 0.4000000059604645,
            "startSpeed": 0.0,
            "startVelocity": [
                0.0,
                0.0,
                0.0
            ],
            "strength": 0.0
        },
        "isLoop": true,
        "textureName": "corona.png"
    }
}
