{
    "PlasmaShotImpact": {
        "Emitter": {
            "BillboardType": 0,
            "Color": [
                0.38934534788131714,
                0.06290852278470993,
                0.9166666865348816,
                1.0
            ],
            "Count": 10,
            "EmitterType": 1,
            "Frequency": 0.01600000075995922,
            "LifeTime": 0.20000000298023224,
            "Radius": 0.0010000000474974513,
            "Rotate": 360.0,
            "Scale": 0.10000000149011612,
            "Size": [
                1.0,
                1.0,
                1.0
            ],
            "Speed": 0.0,
            "Translate": [
                0.0,
                0.0,
                0.0
            ]
        },
        "OverLifeTime": {
            "Gravity": 0.0,
            "Velocity": [
                0.0,
                0.0,
                0.0
            ],
            "density": [
                0.0,
                0.0,
                0.0
            ],
            "endAlpha": 0.0,
            "endColor": [
                0.0,
                0.0,
                0.0
            ],
            "endScale": 3.0,
            "endSpeed": 0.0,
            "endVelocity": [
                0.0,
                0.0,
                0.0
            ],
            "isAlpha": 1,
            "isColor": 0,
            "isConstantVelocity": 0,
            "isNoise": 0,
            "isRoring": 1,
            "isScale": 1,
            "isTransSpeed": 0,
            "isTransVelocity": 0,
            "maxRoringSpeed": [
                0.0,
                0.0,
                3.0
            ],
            "midAlpha": 1.0,
            "minRoringSpeed": [
                0.0,
                0.0,
                1.0
            ],
            "startAlpha": 1.0,
            "startColor": [
                0.0,
                0.0,
                0.0
            ],
            "startScale": 0.0,
            "startSpeed": 0.0,
            "startVelocity": [
                0.0,
                0.0,
                0.0
            ],
            "strength": 0.0
        },
        "isLoop": false,
        "textureName": "spark_02.png"
    }
}
