{
    "PlasmaShotCreate": {
        "Emitter": {
            "BillboardType": 0,
            "Color": [
                1.0,
                0.35784316062927246,
                0.8866783976554871,
                1.0
            ],
            "Count": 2,
            "EmitterType": 1,
            "Frequency": 0.10000000149011612,
            "LifeTime": 0.30000001192092896,
            "Radius": 0.0010000000474974513,
            "Rotate": 360.0,
            "Scale": 1.0,
            "Size": [
                0.0,
                0.0,
                0.0
            ],
            "Speed": 0.0,
            "Translate": [
                0.0,
                0.0,
                0.0
            ]
        },
        "OverLifeTime": {
            "Gravity": 0.0,
            "Velocity": [
                0.0,
                0.0,
                0.0
            ],
            "endAlpha": 0.0,
            "endColor": [
                0.7192903757095337,
                0.13235294818878174,
                1.0
            ],
            "endScale": 2.0,
            "endSpeed": 0.0,
            "endVelocity": [
                0.0,
                0.0,
                0.0
            ],
            "isAlpha": 1,
            "isColor": 0,
            "isConstantVelocity": 0,
            "isScale": 1,
            "isTransSpeed": 0,
            "isTransVelocity": 0,
            "midAlpha": 1.0,
            "startAlpha": 0.0,
            "startColor": [
                0.47058820724487305,
                0.0,
                1.0
            ],
            "startScale": 0.5,
            "startSpeed": 0.0,
            "startVelocity": [
                0.0,
                0.0,
                0.0
            ]
        },
        "isLoop": true,
        "textureName": "spark_01.png"
    }
}
