{
    "PlasmaBallImpact": {
        "Core": {
            "Emitter": {
                "BillboardType": 0,
                "Color": [
                    0.39791247248649597,
                    0.14801998436450958,
                    0.7549019455909729,
                    0.0
                ],
                "Count": 10,
                "EmitterType": 1,
                "Frequency": 0.01600000075995922,
                "LifeTime": 0.20000000298023224,
                "Radius": 0.0010000000474974513,
                "Rotate": 360.0,
                "Scale": 0.10000000149011612,
                "Size": [
                    0.0,
                    0.0,
                    0.0
                ],
                "Speed": 0.0,
                "Translate": [
                    0.0,
                    0.0,
                    0.0
                ]
            },
            "OverLifeTime": {
                "Gravity": 0.0,
                "Velocity": [
                    0.0,
                    0.0,
                    0.0
                ],
                "density": [
                    0.0,
                    0.0,
                    0.0
                ],
                "endAlpha": 0.0,
                "endColor": [
                    0.0,
                    0.0,
                    0.0
                ],
                "endScale": 3.0,
                "endSpeed": 0.0,
                "endVelocity": [
                    0.0,
                    0.0,
                    0.0
                ],
                "isAlpha": 1,
                "isColor": 0,
                "isConstantVelocity": 0,
                "isNoise": 0,
                "isRoring": 1,
                "isScale": 1,
                "isTransSpeed": 0,
                "isTransVelocity": 0,
                "maxRoringSpeed": [
                    0.0,
                    0.0,
                    3.0
                ],
                "midAlpha": 1.0,
                "minRoringSpeed": [
                    0.0,
                    0.0,
                    1.0
                ],
                "startAlpha": 1.0,
                "startColor": [
                    0.0,
                    0.0,
                    0.0
                ],
                "startScale": 0.0,
                "startSpeed": 0.0,
                "startVelocity": [
                    0.0,
                    0.0,
                    0.0
                ],
                "strength": 0.0
            },
            "isLoop": false,
            "textureName": "spark_02.png"
        },
        "Spark": {
            "Emitter": {
                "BillboardType": 0,
                "Color": [
                    0.5364289283752441,
                    0.31706559658050537,
                    0.9950980544090271,
                    0.0
                ],
                "Count": 60,
                "EmitterType": 1,
                "Frequency": 0.01600000075995922,
                "LifeTime": 0.6000000238418579,
                "Radius": 1.0,
                "Rotate": 360.0,
                "Scale": 0.10000000149011612,
                "Size": [
                    0.0,
                    0.0,
                    0.0
                ],
                "Speed": 1.5,
                "Translate": [
                    0.0,
                    0.0,
                    0.0
                ]
            },
            "OverLifeTime": {
                "Gravity": 0.0,
                "Velocity": [
                    0.0,
                    0.0,
                    0.0
                ],
                "density": [
                    0.0,
                    0.0,
                    0.0
                ],
                "endAlpha": 1.0,
                "endColor": [
                    0.0,
                    0.0,
                    0.0
                ],
                "endScale": 0.0,
                "endSpeed": 0.0,
                "endVelocity": [
                    0.0,
                    0.0,
                    0.0
                ],
                "isAlpha": 1,
                "isColor": 0,
                "isConstantVelocity": 0,
                "isNoise": 0,
                "isRoring": 1,
                "isScale": 1,
                "isTransSpeed": 0,
                "isTransVelocity": 0,
                "maxRoringSpeed": [
                    0.0,
                    0.0,
                    10.0
                ],
                "midAlpha": 1.0,
                "minRoringSpeed": [
                    0.0,
                    0.0,
                    10.0
                ],
                "startAlpha": 0.0,
                "startColor": [
                    0.0,
                    0.0,
                    0.0
                ],
                "startScale": 0.699999988079071,
                "startSpeed": 0.0,
                "startVelocity": [
                    0.0,
                    0.0,
                    0.0
                ],
                "strength": 0.0
            },
            "isLoop": false,
            "textureName": "flare_02.png"
        }
    }
}
