{
    "PlayerHandEff": {
        "particle1": {
            "Emitter": {
                "BillboardType": 0,
                "Color": [
                    0.055074967443943024,
                    0.13282795250415802,
                    0.936274528503418,
                    0.0
                ],
                "Count": 25,
                "EmitterType": 1,
                "Frequency": 0.01600000075995922,
                "LifeTime": 0.30000001192092896,
                "Radius": 0.17000000178813934,
                "Rotate": 0.0,
                "Scale": 0.05000000074505806,
                "Size": [
                    1.0,
                    1.0,
                    1.0
                ],
                "Speed": 0.0,
                "Translate": [
                    0.0,
                    0.0,
                    0.0
                ]
            },
            "OverLifeTime": {
                "Gravity": 0.0,
                "Velocity": [
                    0.0,
                    0.0,
                    0.0
                ],
                "density": [
                    0.0,
                    0.0,
                    0.0
                ],
                "endAlpha": 0.0,
                "endColor": [
                    0.0,
                    0.0,
                    0.0
                ],
                "endScale": 0.20000000298023224,
                "endSpeed": 0.0,
                "endVelocity": [
                    0.0,
                    0.0,
                    0.0
                ],
                "isAlpha": 1,
                "isColor": 0,
                "isConstantVelocity": 0,
                "isNoise": 0,
                "isRandom": 0,
                "isRoring": 0,
                "isScale": 1,
                "isTransSpeed": 0,
                "isTransVelocity": 0,
                "maxRoringSpeed": [
                    0.0,
                    0.0,
                    0.0
                ],
                "midAlpha": 1.0,
                "minRoringSpeed": [
                    0.0,
                    0.0,
                    0.0
                ],
                "startAlpha": 0.0,
                "startColor": [
                    0.0,
                    0.0,
                    0.0
                ],
                "startScale": 0.0,
                "startSpeed": 0.0,
                "startVelocity": [
                    0.0,
                    0.0,
                    0.0
                ],
                "strength": 0.0
            },
            "isLoop": true,
            "isModel": false,
            "modelName": "",
            "textureName": "ring_03.png"
        }
    }
}
