{
    "ChilledEffect": {
        "particle1": {
            "Emitter": {
                "BillboardType": 0,
                "Color": [
                    0.5349624752998352,
                    0.8872548937797546,
                    0.8665317893028259,
                    0.0
                ],
                "Count": 15,
                "EmitterType": 3,
                "Frequency": 0.10000000149011612,
                "LifeTime": 1.0,
                "Radius": 1.0,
                "Rotate": 360.0,
                "Scale": 0.20000000298023224,
                "Size": [
                    0.4000000059604645,
                    0.699999988079071,
                    0.4000000059604645
                ],
                "Speed": 0.0,
                "Translate": [
                    0.0,
                    0.0,
                    0.0
                ]
            },
            "OverLifeTime": {
                "Gravity": 0.0,
                "Velocity": [
                    0.0,
                    -0.5,
                    0.0
                ],
                "density": [
                    0.0,
                    0.0,
                    0.0
                ],
                "endAlpha": 0.0,
                "endColor": [
                    0.0,
                    0.0,
                    0.0
                ],
                "endScale": 0.0,
                "endSpeed": 0.0,
                "endVelocity": [
                    0.0,
                    1.0,
                    0.0
                ],
                "isAlpha": 1,
                "isColor": 0,
                "isConstantVelocity": 1,
                "isNoise": 0,
                "isRandom": 0,
                "isRoring": 0,
                "isScale": 0,
                "isTransSpeed": 0,
                "isTransVelocity": 0,
                "maxRoringSpeed": [
                    0.0,
                    0.0,
                    0.0
                ],
                "midAlpha": 0.31299999356269836,
                "minRoringSpeed": [
                    0.0,
                    0.0,
                    0.0
                ],
                "startAlpha": 0.0,
                "startColor": [
                    0.0,
                    0.0,
                    0.0
                ],
                "startScale": 0.0,
                "startSpeed": 0.0,
                "startVelocity": [
                    0.0,
                    -2.0,
                    0.0
                ],
                "strength": 0.0
            },
            "isLoop": true,
            "isModel": false,
            "modelName": "",
            "textureName": "smoke_02.png"
        }
    }
}
