{
    "FireBallSmoke": {
        "Emitter": {
            "BillboardType": 0,
            "Color": [
                1.0,
                1.0,
                1.0,
                1.0
            ],
            "Count": 3,
            "EmitterType": 1,
            "Frequency": 0.1599999964237213,
            "LifeTime": 0.699999988079071,
            "Radius": 0.0010000000474974513,
            "Rotate": 360.0,
            "Scale": 1.2999999523162842,
            "Size": [
                1.0,
                1.0,
                1.0
            ],
            "Speed": 0.0,
            "Translate": [
                0.0,
                0.0,
                0.0
            ]
        },
        "OverLifeTime": {
            "Gravity": 0.0,
            "Velocity": [
                0.0,
                0.0,
                0.0
            ],
            "density": 0.0,
            "endAlpha": 0.0,
            "endColor": [
                0.47058820724487305,
                0.0,
                0.0
            ],
            "endScale": 1.0,
            "endSpeed": 0.0,
            "endVelocity": [
                0.0,
                0.0,
                0.0
            ],
            "isAlpha": 1,
            "isColor": 1,
            "isConstantVelocity": 1,
            "isNoise": 0,
            "isRoring": 1,
            "isScale": 0,
            "isTransSpeed": 0,
            "isTransVelocity": 0,
            "maxRoringSpeed": [
                0.0,
                0.0,
                0.5
            ],
            "midAlpha": 0.5,
            "minRoringSpeed": [
                0.0,
                0.0,
                0.0
            ],
            "startAlpha": 0.0,
            "startColor": [
                0.9460784196853638,
                0.5232348442077637,
                0.2272443026304245
            ],
            "startScale": 0.0,
            "startSpeed": 0.0,
            "startVelocity": [
                0.0,
                0.0,
                0.0
            ],
            "strength": 0.0
        },
        "isLoop": true,
        "textureName": "smoke_02.png"
    }
}
