{
    "FireBall": {
        "Core": {
            "Emitter": {
                "BillboardType": 0,
                "Color": [
                    1.0,
                    0.029411792755126953,
                    0.029411792755126953,
                    0.0
                ],
                "Count": 50,
                "EmitterType": 1,
                "Frequency": 0.01600000075995922,
                "LifeTime": 1.0,
                "Radius": 0.800000011920929,
                "Rotate": 0.0,
                "Scale": 0.05000000074505806,
                "Size": [
                    0.0,
                    0.0,
                    0.0
                ],
                "Speed": -0.30000001192092896,
                "Translate": [
                    0.0,
                    0.0,
                    0.0
                ]
            },
            "OverLifeTime": {
                "Gravity": 0.0,
                "Velocity": [
                    0.0,
                    0.0,
                    0.0
                ],
                "density": [
                    0.0,
                    0.0,
                    0.0
                ],
                "endAlpha": 1.0,
                "endColor": [
                    0.6176470518112183,
                    0.04238756000995636,
                    0.04238756000995636
                ],
                "endScale": 0.0,
                "endSpeed": 0.0,
                "endVelocity": [
                    0.0,
                    0.0,
                    0.0
                ],
                "isAlpha": 1,
                "isColor": 1,
                "isConstantVelocity": 0,
                "isNoise": 0,
                "isRoring": 0,
                "isScale": 1,
                "isTransSpeed": 0,
                "isTransVelocity": 0,
                "maxRoringSpeed": [
                    0.0,
                    0.0,
                    0.0
                ],
                "midAlpha": 1.0,
                "minRoringSpeed": [
                    0.0,
                    0.0,
                    0.0
                ],
                "startAlpha": 0.0,
                "startColor": [
                    0.9803921580314636,
                    0.5376890897750854,
                    0.14417533576488495
                ],
                "startScale": 0.30000001192092896,
                "startSpeed": 0.0,
                "startVelocity": [
                    0.0,
                    0.0,
                    0.0
                ],
                "strength": 0.0
            },
            "isLoop": true,
            "textureName": "corona.png"
        },
        "Smoke": {
            "Emitter": {
                "BillboardType": 0,
                "Color": [
                    1.0,
                    0.45761245489120483,
                    0.029411792755126953,
                    0.0
                ],
                "Count": 2,
                "EmitterType": 1,
                "Frequency": 0.1599999964237213,
                "LifeTime": 0.699999988079071,
                "Radius": 0.0010000000474974513,
                "Rotate": 360.0,
                "Scale": 1.600000023841858,
                "Size": [
                    0.0,
                    0.0,
                    0.0
                ],
                "Speed": 0.0,
                "Translate": [
                    0.0,
                    0.0,
                    0.0
                ]
            },
            "OverLifeTime": {
                "Gravity": 0.0,
                "Velocity": [
                    0.0,
                    0.0,
                    0.0
                ],
                "density": [
                    0.0,
                    0.0,
                    0.0
                ],
                "endAlpha": 0.0,
                "endColor": [
                    0.6029411554336548,
                    0.03251153975725174,
                    0.03251153975725174
                ],
                "endScale": 0.0,
                "endSpeed": 0.0,
                "endVelocity": [
                    0.0,
                    0.0,
                    0.0
                ],
                "isAlpha": 1,
                "isColor": 1,
                "isConstantVelocity": 0,
                "isNoise": 0,
                "isRoring": 0,
                "isScale": 0,
                "isTransSpeed": 0,
                "isTransVelocity": 0,
                "maxRoringSpeed": [
                    0.0,
                    0.0,
                    0.0
                ],
                "midAlpha": 0.5,
                "minRoringSpeed": [
                    0.0,
                    0.0,
                    0.0
                ],
                "startAlpha": 0.0,
                "startColor": [
                    0.9901960492134094,
                    0.4619773030281067,
                    0.09222415089607239
                ],
                "startScale": 0.0,
                "startSpeed": 0.0,
                "startVelocity": [
                    0.0,
                    0.0,
                    0.0
                ],
                "strength": 0.0
            },
            "isLoop": true,
            "textureName": "smoke_02.png"
        }
    }
}
