{
    "FireBallImpactSplash": {
        "Emitter": {
            "Color": [
                0.8921568393707275,
                0.380221426486969,
                0.021866574883461,
                0.0
            ],
            "Count": 10000,
            "EmitterType": 2,
            "Frequency": 0.0,
            "LifeTime": 0.30000001192092896,
            "Radius": 0.30000001192092896,
            "Rotate": 0.0,
            "Scale": 0.05999999865889549,
            "Size": [
                0.0,
                0.0,
                0.0
            ],
            "Speed": 10.0,
            "Translate": [
                0.0,
                0.0,
                0.0
            ],
            "isBillboard": 1
        },
        "OverLifeTime": {
            "Gravity": 0.0,
            "Velocity": [
                0.0,
                6.0,
                0.0
            ],
            "endAlpha": 0.0,
            "endColor": [
                0.0,
                0.0,
                0.0
            ],
            "endScale": 0.0,
            "endSpeed": 0.0,
            "endVelocity": [
                0.0,
                0.0,
                0.0
            ],
            "isAlpha": 1,
            "isColor": 0,
            "isConstantVelocity": 0,
            "isScale": 0,
            "isTransSpeed": 0,
            "isTransVelocity": 0,
            "midAlpha": 1.0,
            "startAlpha": 1.0,
            "startColor": [
                0.0,
                0.0,
                0.0
            ],
            "startScale": 0.20000000298023224,
            "startSpeed": 0.0,
            "startVelocity": [
                0.0,
                0.0,
                0.0
            ]
        },
        "isLoop": false,
        "textureName": "circle.png"
    }
}
