{
    "IceSpark_1": {
        "Emitter": {
            "BillboardType": 0,
            "Color": [
                0.45049983263015747,
                0.843137264251709,
                0.7276556491851807,
                1.0
            ],
            "Count": 500,
            "EmitterType": 1,
            "Frequency": 0.01600000075995922,
            "LifeTime": 1.2999999523162842,
            "Radius": 1.5,
            "Rotate": 360.0,
            "Scale": 0.10000000149011612,
            "Size": [
                0.0,
                0.0,
                0.0
            ],
            "Speed": 1.5,
            "Translate": [
                0.0,
                0.0,
                0.0
            ]
        },
        "OverLifeTime": {
            "Gravity": 0.05000000074505806,
            "Velocity": [
                0.0,
                1.0,
                0.0
            ],
            "density": 0.0,
            "endAlpha": 0.0,
            "endColor": [
                0.0,
                0.0,
                0.0
            ],
            "endScale": 0.0,
            "endSpeed": 0.0,
            "endVelocity": [
                0.0,
                0.0,
                0.0
            ],
            "isAlpha": 1,
            "isColor": 0,
            "isConstantVelocity": 0,
            "isNoise": 0,
            "isRoring": 1,
            "isScale": 1,
            "isTransSpeed": 0,
            "isTransVelocity": 1,
            "maxRoringSpeed": [
                0.0,
                3.0,
                3.0
            ],
            "midAlpha": 1.0,
            "minRoringSpeed": [
                0.0,
                3.0,
                3.0
            ],
            "startAlpha": 0.0,
            "startColor": [
                0.0,
                0.0,
                0.0
            ],
            "startScale": 0.4000000059604645,
            "startSpeed": 2.0,
            "startVelocity": [
                0.0,
                0.5,
                0.0
            ],
            "strength": 0.0
        },
        "isLoop": false,
        "textureName": "flare_02.png"
    }
}
