{
    "sparkEffect": {
        "Emitter": {
            "Color": [
                1.0,
                0.97246253490448,
                0.06372547149658203,
                1.0
            ],
            "Count": 3,
            "EmitterType": 1,
            "Frequency": 0.1599999964237213,
            "LifeTime": 0.4000000059604645,
            "Radius": 0.0010000000474974513,
            "Rotate": 360.0,
            "Scale": 0.20000000298023224,
            "Size": [
                3.0,
                3.0,
                3.0
            ],
            "Speed": 0.0,
            "Translate": [
                0.0,
                0.0,
                0.0
            ],
            "isBillboard": 1
        },
        "OverLifeTime": {
            "Gravity": 0.004999999888241291,
            "Velocity": [
                0.0,
                0.0,
                0.0
            ],
            "endAlpha": 0.0,
            "endColor": [
                0.0,
                0.0,
                0.0
            ],
            "endScale": 3.0,
            "endSpeed": 0.0,
            "endVelocity": [
                0.0,
                0.0,
                0.0
            ],
            "isAlpha": 1,
            "isColor": 0,
            "isConstantVelocity": 0,
            "isScale": 1,
            "isTransSpeed": 0,
            "isTransVelocity": 0,
            "midAlpha": 1.0,
            "startAlpha": 1.0,
            "startColor": [
                0.0,
                0.0,
                0.0
            ],
            "startScale": 0.5,
            "startSpeed": 0.0,
            "startVelocity": [
                0.0,
                0.0,
                0.0
            ]
        },
        "isLoop": true,
        "textureName": "spark_01.png"
    }
}
