{
    "TitleText": {
        "Rotation": [
            0.30000001192092896,
            0.0,
            0.0
        ],
        "Scale": [
            1.5,
            1.5,
            2.0
        ],
        "Translation": [
            0.0,
            1.6399999856948853,
            0.38999998569488525
        ]
    }
}
